ingredient_id,canonical_name,food_group,dietary_origin,basis,evidence
ING_AGAVE,agave nectar,sweetener,plant,food_group=sweetener,
ING_ALLSPICE,allspice,seasoning,plant,food_group=seasoning,
ING_ALMOND,almond,protein,plant,override,
ING_ALMOND_BUTTER,almond butter,protein,plant,override,
ING_ALMOND_EXTRACT,almond extract,flavoring,plant,override,
ING_ALMOND_FLOUR,almond flour,grain,plant,food_group=grain,
ING_ALMOND_MILK,almond milk,plant_milk,plant,food_group=plant_milk,
ING_ALMOND_PASTE,almond paste,prepared,plant,override,
ING_ALUM,alum,seasoning,plant,food_group=seasoning,
ING_AMARETTO,amaretto,beverage,plant,food_group=beverage,
ING_AMERICAN_CHEESE,american cheese,dairy,secretion,food_group=dairy,
ING_ANCHOVY,anchovy,protein,flesh,override,
ING_ANGEL_FOOD_CAKE,angel food cake,grain,secretion,override,eggs allergen tag (egg-white based).
ING_ANISE,anise,seasoning,plant,food_group=seasoning,
ING_APPLE,apple,fruit,plant,food_group=fruit,
ING_APPLESAUCE,applesauce,fruit,plant,food_group=fruit,
ING_APPLE_BUTTER,apple butter,condiment,plant,override,
ING_APPLE_JUICE,apple juice,beverage,plant,food_group=beverage,
ING_APPLE_PIE_SPICE,apple pie spice,seasoning,plant,food_group=seasoning,
ING_APRICOT,apricot,fruit,plant,food_group=fruit,
ING_APRICOT_NECTAR,apricot nectar,beverage,plant,food_group=beverage,
ING_ARTICHOKE,artichoke heart,vegetable,plant,food_group=vegetable,
ING_ARUGULA,arugula,vegetable,plant,food_group=vegetable,
ING_ASPARAGUS,asparagus,vegetable,plant,food_group=vegetable,
ING_AU_JUS_MIX,au jus mix,prepared,flesh,override,Au jus is beef drippings by definition.
ING_AVOCADO,avocado,fruit,plant,food_group=fruit,
ING_BACON,bacon,protein,flesh,override,
ING_BAGUETTE,baguette,grain,plant,food_group=grain,
ING_BAKED_BEANS,baked beans,protein,plant,override,
ING_BAKING_CHOCOLATE,baking chocolate,flavoring,secretion,override,milk allergen tag.
ING_BAKING_POWDER,baking powder,leavening,plant,food_group=leavening,
ING_BAKING_SODA,baking soda,leavening,plant,food_group=leavening,
ING_BALSAMIC,balsamic vinegar,condiment,plant,override,
ING_BANANA,banana,fruit,plant,food_group=fruit,
ING_BARLEY,barley,grain,plant,food_group=grain,
ING_BASIL,basil,herb,plant,food_group=herb,
ING_BAY_LEAF,bay leaf,herb,plant,food_group=herb,
ING_BBQ_SAUCE,barbecue sauce,condiment,plant,override,
ING_BEAN_SPROUTS,bean sprouts,vegetable,plant,food_group=vegetable,
ING_BEEF,beef,protein,flesh,override,
ING_BEEF_BROTH,beef broth,prepared,flesh,override,
ING_BEEF_OR_TURKEY,beef or turkey,protein,flesh,override,Both named alternatives are flesh.
ING_BEEF_STEAK,steak,protein,flesh,override,
ING_BEER,beer,beverage,plant,food_group=beverage,
ING_BEET,beet,vegetable,plant,food_group=vegetable,
ING_BELL_PEPPER,bell pepper,vegetable,plant,food_group=vegetable,
ING_BERRIES,berries,fruit,plant,food_group=fruit,
ING_BISCUIT_DOUGH,refrigerated biscuits,grain,plant,food_group=grain,
ING_BISCUIT_MIX,baking mix,grain,plant,food_group=grain,
ING_BLACKBERRY,blackberry,fruit,plant,food_group=fruit,
ING_BLACK_BEANS,black beans,protein,plant,override,
ING_BLACK_EYED_PEAS,black-eyed peas,protein,plant,override,
ING_BLACK_PEPPER,black pepper,seasoning,plant,food_group=seasoning,
ING_BLUEBERRY,blueberry,fruit,plant,food_group=fruit,
ING_BLUE_CHEESE,blue cheese,dairy,secretion,food_group=dairy,
ING_BOUILLON,bouillon cube,prepared,flesh,override,Default assumption is beef/chicken bouillon (most common); vegetable bouillon exists but isn't distinguished by this canonical id. Flagged for spot-check.
ING_BOURBON,bourbon,beverage,plant,food_group=beverage,
ING_BRANDY,brandy,beverage,plant,food_group=beverage,
ING_BREAD,bread,grain,plant,food_group=grain,
ING_BREADCRUMBS,bread crumbs,grain,plant,food_group=grain,
ING_BREAD_FLOUR,bread flour,grain,plant,food_group=grain,
ING_BROCCOLI,broccoli,vegetable,plant,food_group=vegetable,
ING_BROTH,broth,prepared,flesh,override,"Generic term defaults to meat-based stock, the dataset-era norm. Flagged for spot-check."
ING_BROTH_TOMATO_JUICE,tomato juice,beverage,plant,food_group=beverage,
ING_BROWNIE_MIX,brownie mix,grain,plant,food_group=grain,
ING_BROWN_RICE,brown rice,grain,plant,food_group=grain,
ING_BROWN_RICE_FLOUR,brown rice flour,grain,plant,food_group=grain,
ING_BROWN_SUGAR,brown sugar,sweetener,plant,food_group=sweetener,
ING_BRUSSELS_SPROUTS,brussels sprouts,vegetable,plant,food_group=vegetable,
ING_BULGUR,bulgur,grain,plant,food_group=grain,
ING_BUTTER,butter,dairy,secretion,food_group=dairy,
ING_BUTTERED_BREADCRUMBS,buttered bread crumbs,grain,secretion,override,milk allergen tag (butter).
ING_BUTTERMILK,buttermilk,dairy,secretion,food_group=dairy,
ING_BUTTERMILK_OR_SOUR_MILK,buttermilk or sour milk,dairy,secretion,food_group=dairy,
ING_BUTTERNUT_SQUASH,butternut squash,vegetable,plant,food_group=vegetable,
ING_BUTTERSCOTCH_CHIPS,butterscotch chips,flavoring,secretion,override,milk allergen tag.
ING_BUTTERSCOTCH_TOPPING,butterscotch topping,sweetener,secretion,override,milk allergen tag.
ING_BUTTER_FLAVORING,butter flavoring,flavoring,plant,override,"Synthetic flavor, not milk-tagged."
ING_BUTTER_OR_MARGARINE,butter or margarine,fat,secretion,override,At least one named alternative (butter) is dairy.
ING_BUTTER_OR_SHORTENING,butter or shortening,fat,secretion,override,milk allergen tag.
ING_BUTTER_OR_VEG_OIL,butter or vegetable oil,fat,secretion,override,milk allergen tag.
ING_CABBAGE,cabbage,vegetable,plant,food_group=vegetable,
ING_CAJUN_SEASONING,cajun seasoning,seasoning,plant,food_group=seasoning,
ING_CAKE_FLOUR,cake flour,grain,plant,food_group=grain,
ING_CAKE_MIX,cake mix,grain,plant,food_group=grain,
ING_CANNED_TOMATOES,canned tomatoes,vegetable,plant,food_group=vegetable,
ING_CANNELLINI,white beans,protein,plant,override,
ING_CANTALOUPE,cantaloupe,fruit,plant,food_group=fruit,
ING_CAPERS,capers,condiment,plant,override,
ING_CARAMEL,caramel,sweetener,secretion,override,milk allergen tag (cream-based).
ING_CARAWAY,caraway seed,seasoning,plant,food_group=seasoning,
ING_CARDAMOM,cardamom,seasoning,plant,food_group=seasoning,
ING_CARROT,carrot,vegetable,plant,food_group=vegetable,
ING_CASHEW,cashew,protein,plant,override,
ING_CAULIFLOWER,cauliflower,vegetable,plant,food_group=vegetable,
ING_CAYENNE,cayenne pepper,seasoning,plant,food_group=seasoning,
ING_CELERY,celery,vegetable,plant,food_group=vegetable,
ING_CELERY_SALT,celery salt,seasoning,plant,food_group=seasoning,
ING_CELERY_SEED,celery seed,seasoning,plant,food_group=seasoning,
ING_CELERY_SOUP,condensed cream of celery soup,prepared,secretion,override,"Cream of celery soup is cream-based; not milk-tagged in config (a pre-existing allergen-tagging gap, not fixed here per ADR-0024's ban on agent-inferred allergen tags -- noted separately)."
ING_CEREAL_CORNFLAKE,corn flakes,grain,plant,food_group=grain,
ING_CEREAL_RICE,crisp rice cereal,grain,plant,food_group=grain,
ING_CHEDDAR,cheddar cheese,dairy,secretion,food_group=dairy,
ING_CHEESE,cheese,dairy,secretion,food_group=dairy,
ING_CHEESE_SOUP,condensed cheddar cheese soup,prepared,secretion,override,milk allergen tag.
ING_CHERRY,cherry,fruit,plant,food_group=fruit,
ING_CHIA,chia seed,protein,plant,override,
ING_CHICKEN,chicken,protein,flesh,override,
ING_CHICKEN_BREAST,chicken breast,protein,flesh,override,
ING_CHICKEN_BROTH,chicken broth,prepared,flesh,override,
ING_CHICKEN_OR_TURKEY,chicken or turkey,protein,flesh,override,Both named alternatives are flesh.
ING_CHICKEN_OR_VEG_BROTH,chicken broth or vegetable broth,prepared,flesh,override,At least one named alternative (chicken broth) is flesh.
ING_CHICKEN_RICE_SOUP,chicken and rice soup,prepared,flesh,override,
ING_CHICKEN_SOUP,condensed cream of chicken soup,prepared,flesh,override,Cream of chicken soup contains chicken stock.
ING_CHICKEN_THIGH,chicken thigh,protein,flesh,override,
ING_CHICKEN_WINGS,chicken wings,protein,flesh,override,
ING_CHICKPEA,chickpea,protein,plant,override,
ING_CHILI_PEPPER,chili pepper,vegetable,plant,food_group=vegetable,
ING_CHILI_POWDER,chili powder,seasoning,plant,food_group=seasoning,
ING_CHILI_SAUCE,chili sauce,condiment,plant,override,
ING_CHINESE_FIVE_SPICE,five spice powder,seasoning,plant,food_group=seasoning,
ING_CHIPPED_BEEF,dried beef,protein,flesh,override,
ING_CHIVES,chives,herb,plant,food_group=herb,
ING_CHOCOLATE_CHIPS,chocolate chips,flavoring,secretion,override,milk allergen tag.
ING_CHOCOLATE_SYRUP,chocolate syrup,sweetener,plant,food_group=sweetener,
ING_CHOW_MEIN_NOODLES,chow mein noodles,grain,plant,food_group=grain,
ING_CIDER_VINEGAR,apple cider vinegar,condiment,plant,override,
ING_CILANTRO,cilantro,herb,plant,food_group=herb,
ING_CINNAMON,cinnamon,seasoning,plant,food_group=seasoning,
ING_CLAM,clam,protein,flesh,override,
ING_CLAM_JUICE,clam juice,prepared,flesh,override,fish allergen tag (molluscs).
ING_CLOVES_SPICE,cloves,seasoning,plant,food_group=seasoning,
ING_CLUB_SODA,club soda,beverage,plant,food_group=beverage,
ING_COCOA,cocoa powder,flavoring,plant,override,
ING_COCONUT,coconut,fruit,plant,food_group=fruit,
ING_COCONUT_CREAM,cream of coconut,plant_milk,plant,food_group=plant_milk,
ING_COCONUT_EXTRACT,coconut extract,flavoring,plant,override,
ING_COCONUT_FLAVORING,coconut flavoring,flavoring,plant,override,
ING_COCONUT_FLOUR,coconut flour,grain,plant,food_group=grain,
ING_COCONUT_MILK,coconut milk,plant_milk,plant,food_group=plant_milk,
ING_COCONUT_OIL,coconut oil,fat,plant,override,
ING_COCONUT_SUGAR,coconut sugar,sweetener,plant,food_group=sweetener,
ING_COFFEE,coffee,beverage,plant,food_group=beverage,
ING_COLA,cola,beverage,plant,food_group=beverage,
ING_COLLARD,collard greens,vegetable,plant,food_group=vegetable,
ING_CONDENSED_CREAM_OF_POTATO_SOUP,condensed cream of potato soup,prepared,secretion,override,Cream-based. Same pre-existing allergen-tagging gap.
ING_CONDENSED_MILK,sweetened condensed milk,dairy,secretion,food_group=dairy,
ING_COOKED_CHICKEN,cooked chicken,protein,flesh,override,
ING_COOKIE_DOUGH,refrigerated cookie dough,grain,secretion,override,eggs allergen tag.
ING_COOKING_SPRAY,cooking spray,fat,plant,override,
ING_CORIANDER,coriander,seasoning,plant,food_group=seasoning,
ING_CORN,corn,vegetable,plant,food_group=vegetable,
ING_CORNED_BEEF,corned beef,protein,flesh,override,
ING_CORNMEAL,cornmeal,grain,plant,food_group=grain,
ING_CORNSTARCH,cornstarch,grain,plant,food_group=grain,
ING_CORN_BREAD_MIX,corn muffin mix,grain,plant,food_group=grain,
ING_CORN_FLOUR_MASA,masa harina,grain,plant,food_group=grain,
ING_CORN_SYRUP,corn syrup,sweetener,plant,food_group=sweetener,
ING_COTTAGE_CHEESE,cottage cheese,dairy,secretion,food_group=dairy,
ING_COUSCOUS,couscous,grain,plant,food_group=grain,
ING_CRAB,crab,protein,flesh,override,
ING_CRACKER_CRUMBS,cracker crumbs,grain,plant,food_group=grain,
ING_CRANBERRY,cranberry,fruit,plant,food_group=fruit,
ING_CRANBERRY_JUICE,cranberry juice,beverage,plant,food_group=beverage,
ING_CRANBERRY_SAUCE,cranberry sauce,fruit,plant,food_group=fruit,
ING_CREAM,cream,dairy,secretion,food_group=dairy,
ING_CREAMED_CORN,cream style corn,vegetable,plant,food_group=vegetable,
ING_CREAM_CHEESE,cream cheese,dairy,secretion,food_group=dairy,
ING_CREAM_OF_TARTAR,cream of tartar,seasoning,plant,food_group=seasoning,
ING_CRESCENT_ROLLS,crescent rolls,grain,plant,food_group=grain,
ING_CROUTONS,croutons,grain,plant,food_group=grain,
ING_CRYSTALLIZED_GINGER,crystallized ginger,seasoning,plant,food_group=seasoning,
ING_CUCUMBER,cucumber,vegetable,plant,food_group=vegetable,
ING_CUCUMBER_PICKLE,pickle,vegetable,plant,food_group=vegetable,
ING_CUMIN,cumin,seasoning,plant,food_group=seasoning,
ING_CURRANT,currant,fruit,plant,food_group=fruit,
ING_CURRY_PASTE,curry paste,condiment,plant,override,Assumed Indian-style spice paste (dataset is majority Western recipes); Thai shrimp-based curry paste would be flesh. Flagged for spot-check.
ING_CURRY_POWDER,curry powder,seasoning,plant,food_group=seasoning,
ING_DARK_CHOCOLATE,dark chocolate,flavoring,secretion,override,milk allergen tag.
ING_DATE,date,fruit,plant,food_group=fruit,
ING_DIJON,dijon mustard,condiment,plant,override,
ING_DILL,dill,herb,plant,food_group=herb,
ING_DILL_SEED,dill seed,seasoning,plant,food_group=seasoning,
ING_DINNER_ROLL,dinner roll,grain,plant,food_group=grain,
ING_DRIED_ONION_FLAKES,dried onion flakes,vegetable,plant,food_group=vegetable,
ING_DRINK_MIX_POWDER,powdered orange drink mix,beverage,plant,food_group=beverage,
ING_DRY_MUSTARD,mustard powder,seasoning,plant,food_group=seasoning,
ING_EDAMAME,edamame,protein,plant,override,
ING_EGG,egg,protein,secretion,override,
ING_EGGNOG,eggnog,beverage,secretion,override,"eggs;milk allergen tags; no meat, so vegetarian-safe, vegan-excluded."
ING_EGGPLANT,eggplant,vegetable,plant,food_group=vegetable,
ING_EGG_NOODLES,egg noodles,grain,secretion,override,eggs allergen tag.
ING_EGG_SUBSTITUTE,egg substitute,protein,secretion,override,"Era-typical usage (RecipeNLG is pre-2020) is liquid egg substitute (e.g. Egg Beaters), which is egg-white based, not a plant substitute. Flagged as the more uncertain call in this file."
ING_EGG_WHITE,egg white,protein,secretion,override,
ING_EGG_YOLK,egg yolk,protein,secretion,override,
ING_ENCHILADA_SAUCE,enchilada sauce,condiment,plant,override,
ING_ESPRESSO_POWDER,espresso powder,flavoring,plant,override,
ING_EVAPORATED_MILK,evaporated milk,dairy,secretion,food_group=dairy,
ING_FENNEL,fennel,vegetable,plant,food_group=vegetable,
ING_FENNEL_SEED,fennel seed,seasoning,plant,food_group=seasoning,
ING_FETA,feta cheese,dairy,secretion,food_group=dairy,
ING_FIG,fig,fruit,plant,food_group=fruit,
ING_FISH_FILLET,fish fillet,protein,flesh,override,
ING_FISH_SAUCE,fish sauce,condiment,flesh,override,fish allergen tag.
ING_FLAX,flaxseed,protein,plant,override,
ING_FLOUR,all-purpose flour,grain,plant,food_group=grain,
ING_FOOD_COLORING,food coloring,flavoring,plant,override,
ING_FRENCH_FRIED_ONIONS,french fried onions,vegetable,plant,food_group=vegetable,
ING_FROZEN_BREAD_DOUGH,frozen bread dough,grain,plant,food_group=grain,
ING_FRUIT,fruit,fruit,plant,food_group=fruit,
ING_FRUIT_COCKTAIL,fruit cocktail,fruit,plant,food_group=fruit,
ING_FRUIT_PIE_FILLING,fruit pie filling,prepared,plant,override,
ING_GARAM_MASALA,garam masala,seasoning,plant,food_group=seasoning,
ING_GARLIC,garlic,vegetable,plant,food_group=vegetable,
ING_GARLIC_POWDER,garlic powder,seasoning,plant,food_group=seasoning,
ING_GARLIC_SALT,garlic salt,seasoning,plant,food_group=seasoning,
ING_GELATIN,gelatin,prepared,flesh,override,Animal collagen; not an FDA allergen so carries no allergen tag.
ING_GHEE,ghee,fat,secretion,override,milk allergen tag (clarified butter).
ING_GINGER,ginger,seasoning,plant,food_group=seasoning,
ING_GINGER_ALE,ginger ale,beverage,plant,food_group=beverage,
ING_GINGER_GARLIC,ginger garlic paste,condiment,plant,override,
ING_GNOCCHI,gnocchi,grain,plant,food_group=grain,
ING_GOAT_CHEESE,goat cheese,dairy,secretion,food_group=dairy,
ING_GRAND_MARNIER,orange liqueur,beverage,plant,food_group=beverage,
ING_GRAPE,grape,fruit,plant,food_group=fruit,
ING_GRAPESEED_OIL,grapeseed oil,fat,plant,override,
ING_GRAPE_JUICE,grape juice,beverage,plant,food_group=beverage,
ING_GRAVY_MIX,brown gravy mix,prepared,flesh,override,"""Brown gravy"" is conventionally beef-derived; some commercial mixes are actually meat-free but this isn't distinguishable here. Flagged for spot-check."
ING_GREEN_BEANS,green beans,vegetable,plant,food_group=vegetable,
ING_GREEN_CHILI,green chili,vegetable,plant,food_group=vegetable,
ING_GREEN_ONION,green onion,vegetable,plant,food_group=vegetable,
ING_GROUND_BEEF,ground beef,protein,flesh,override,
ING_GROUND_PORK,ground pork,protein,flesh,override,
ING_GROUND_TURKEY,ground turkey,protein,flesh,override,
ING_GRUYERE,gruyere cheese,dairy,secretion,food_group=dairy,
ING_HABANERO_PEPPER,habanero pepper,vegetable,plant,food_group=vegetable,
ING_HALF_AND_HALF,half and half,dairy,secretion,food_group=dairy,
ING_HAM,ham,protein,flesh,override,
ING_HAMBURGER_BUN,hamburger bun,grain,plant,food_group=grain,
ING_HASH_BROWN,hash brown potatoes,vegetable,plant,food_group=vegetable,
ING_HAZELNUT,hazelnut,protein,plant,override,
ING_HERBES_DE_PROVENCE,herbes de provence,seasoning,plant,food_group=seasoning,
ING_HOISIN,hoisin sauce,condiment,plant,override,
ING_HOMINY,hominy,grain,plant,food_group=grain,
ING_HONEY,honey,sweetener,secretion,override,"Bee product; not on FDA allergen list so carries no allergen tag, but explicitly named as a vegan-exclusion in the work package's own rule table."
ING_HORSERADISH,horseradish,condiment,plant,override,
ING_HOT_DOG,hot dog,protein,flesh,override,
ING_HOT_DOG_BUN,hot dog bun,grain,plant,food_group=grain,
ING_HOT_SAUCE,hot sauce,condiment,plant,override,
ING_ICE,ice,liquid,plant,food_group=liquid,
ING_ICE_CREAM,vanilla ice cream,dairy,secretion,food_group=dairy,
ING_IMITATION_CRAB,imitation crabmeat,protein,flesh,override,Surimi is fish-based (see round-6 allergen fix).
ING_INSTANT_COFFEE,instant coffee,beverage,plant,food_group=beverage,
ING_INSTANT_MASHED_POTATO,instant mashed potato flakes,vegetable,plant,food_group=vegetable,
ING_ITALIAN_DRESSING,italian dressing,condiment,plant,override,
ING_ITALIAN_SEASONING,italian seasoning,seasoning,plant,food_group=seasoning,
ING_JALAPENO,jalapeno pepper,vegetable,plant,food_group=vegetable,
ING_JAM,jam,condiment,plant,override,
ING_JERK_SEASONING,jerk seasoning,seasoning,plant,food_group=seasoning,
ING_KAHLUA,coffee liqueur,beverage,plant,food_group=beverage,
ING_KALE,kale,vegetable,plant,food_group=vegetable,
ING_KETCHUP,ketchup,condiment,plant,override,
ING_KIDNEY_BEANS,kidney beans,protein,plant,override,
ING_KIRSCH,kirsch,beverage,plant,food_group=beverage,
ING_KITCHEN_BOUQUET,browning sauce,condiment,plant,override,
ING_KIWI,kiwi,fruit,plant,food_group=fruit,
ING_LADYFINGERS,ladyfingers,grain,secretion,override,eggs allergen tag.
ING_LARD,lard,fat,flesh,override,Rendered pork fat.
ING_LEEK,leek,vegetable,plant,food_group=vegetable,
ING_LEMON,lemon,fruit,plant,food_group=fruit,
ING_LEMONADE,lemonade concentrate,beverage,plant,food_group=beverage,
ING_LEMONGRASS,lemongrass,herb,plant,food_group=herb,
ING_LEMON_EXTRACT,lemon extract,flavoring,plant,override,
ING_LEMON_JUICE,lemon juice,fruit,plant,food_group=fruit,
ING_LEMON_LIME_SODA,lemon-lime soda,beverage,plant,food_group=beverage,
ING_LEMON_PEPPER,lemon pepper seasoning,seasoning,plant,food_group=seasoning,
ING_LEMON_ZEST,lemon zest,fruit,plant,food_group=fruit,
ING_LENTIL,lentil,protein,plant,override,
ING_LETTUCE,lettuce,vegetable,plant,food_group=vegetable,
ING_LIMA_BEANS,lima beans,protein,plant,override,
ING_LIME,lime,fruit,plant,food_group=fruit,
ING_LIMEADE,limeade concentrate,beverage,plant,food_group=beverage,
ING_LIME_JUICE,lime juice,fruit,plant,food_group=fruit,
ING_LIME_ZEST,lime zest,fruit,plant,food_group=fruit,
ING_LIQUID_SMOKE,liquid smoke,condiment,plant,override,
ING_LOBSTER,lobster,protein,flesh,override,
ING_LONG_GRAIN_WILD_RICE_MIX,long grain and wild rice mix,grain,plant,food_group=grain,
ING_MACADAMIA_NUT,macadamia nut,protein,plant,override,
ING_MACARONI,macaroni,grain,plant,food_group=grain,
ING_MACE,mace,seasoning,plant,food_group=seasoning,
ING_MAC_AND_CHEESE,macaroni and cheese,prepared,secretion,override,milk allergen tag.
ING_MANGO,mango,fruit,plant,food_group=fruit,
ING_MAPLE_EXTRACT,maple extract,flavoring,plant,override,
ING_MAPLE_SYRUP,maple syrup,sweetener,plant,food_group=sweetener,
ING_MARGARINE,margarine,fat,plant,override,Standard margarine is vegetable-oil based; not milk-tagged in config.
ING_MARINARA,marinara sauce,condiment,plant,override,
ING_MARJORAM,marjoram,herb,plant,food_group=herb,
ING_MARSHMALLOW,marshmallow,sweetener,flesh,override,"Standard commercial marshmallow is gelatin-set (animal collagen); gelatin is not an FDA allergen so it carries no allergen tag. Treated as flesh-equivalent (excludes vegetarian too), matching mainstream vegetarian conventions."
ING_MASCARPONE,mascarpone,dairy,secretion,food_group=dairy,
ING_MASHED_POTATOES,mashed potatoes,vegetable,plant,food_group=vegetable,
ING_MAYO,mayonnaise,condiment,secretion,override,eggs allergen tag.
ING_MAYO_OR_DRESSING,mayonnaise or salad dressing,condiment,secretion,override,eggs allergen tag.
ING_MEAT,meat,protein,flesh,override,Generic term.
ING_MEATBALL,meatball,protein,flesh,override,
ING_MEAT_TENDERIZER,meat tenderizer,seasoning,plant,food_group=seasoning,
ING_MILK,milk,dairy,secretion,food_group=dairy,
ING_MILK_CHOCOLATE,milk chocolate,flavoring,secretion,override,milk allergen tag.
ING_MILK_OR_CREAM,milk or cream,dairy,secretion,food_group=dairy,
ING_MILK_OR_WATER,milk or water,dairy,secretion,food_group=dairy,
ING_MINT,mint,herb,plant,food_group=herb,
ING_MINT_EXTRACT,mint extract,flavoring,plant,override,
ING_MIXED_NUTS,nuts,protein,plant,override,
ING_MIXED_VEGETABLES,mixed vegetables,vegetable,plant,food_group=vegetable,
ING_MOLASSES,molasses,sweetener,plant,food_group=sweetener,
ING_MONTEREY_CHEDDAR_BLEND,monterey jack and cheddar cheese blend,dairy,secretion,food_group=dairy,
ING_MONTEREY_JACK,monterey jack cheese,dairy,secretion,food_group=dairy,
ING_MOZZARELLA,mozzarella cheese,dairy,secretion,food_group=dairy,
ING_MSG,msg,seasoning,plant,food_group=seasoning,
ING_MUSHROOM,mushroom,vegetable,plant,food_group=vegetable,
ING_MUSHROOM_SOUP,condensed cream of mushroom soup,prepared,secretion,override,"Cream of mushroom soup is cream-based, no meat. Same pre-existing allergen-tagging gap as celery soup."
ING_MUSSEL,mussel,protein,flesh,override,
ING_MUSTARD,prepared mustard,condiment,plant,override,
ING_MUSTARD_SEED,mustard seed,seasoning,plant,food_group=seasoning,
ING_NUTELLA,chocolate hazelnut spread,condiment,secretion,override,milk allergen tag.
ING_NUTMEG,nutmeg,seasoning,plant,food_group=seasoning,
ING_OATS,oats,grain,plant,food_group=grain,
ING_OAT_BRAN,oat bran,grain,plant,food_group=grain,
ING_OAT_FLOUR,oat flour,grain,plant,food_group=grain,
ING_OAT_MILK,oat milk,plant_milk,plant,food_group=plant_milk,
ING_OKRA,okra,vegetable,plant,food_group=vegetable,
ING_OLD_BAY,old bay seasoning,seasoning,plant,food_group=seasoning,
ING_OLIVE,olive,vegetable,plant,food_group=vegetable,
ING_OLIVE_OIL,olive oil,fat,plant,override,
ING_ONION,onion,vegetable,plant,food_group=vegetable,
ING_ONION_POWDER,onion powder,seasoning,plant,food_group=seasoning,
ING_ONION_SALT,onion salt,seasoning,plant,food_group=seasoning,
ING_ONION_SOUP_MIX,dry onion soup mix,prepared,flesh,override,Commercial dry onion soup mix conventionally includes beef flavoring/fat; formulations vary. Flagged for spot-check.
ING_ORANGE,orange,fruit,plant,food_group=fruit,
ING_ORANGE_BLOSSOM,orange blossom water,flavoring,plant,override,
ING_ORANGE_EXTRACT,orange extract,flavoring,plant,override,
ING_ORANGE_JUICE,orange juice,fruit,plant,food_group=fruit,
ING_ORANGE_JUICE_CONC,orange juice concentrate,beverage,plant,food_group=beverage,
ING_ORANGE_ZEST,orange zest,fruit,plant,food_group=fruit,
ING_OREGANO,oregano,herb,plant,food_group=herb,
ING_ORZO,orzo,grain,plant,food_group=grain,
ING_OYSTER,oyster,protein,flesh,override,
ING_OYSTER_CRACKERS_NA,oyster crackers,grain,plant,food_group=grain,
ING_OYSTER_SAUCE,oyster sauce,condiment,flesh,override,molluscs allergen tag.
ING_PANCETTA,pancetta,protein,flesh,override,
ING_PAPRIKA,paprika,seasoning,plant,food_group=seasoning,
ING_PARMESAN,parmesan cheese,dairy,secretion,food_group=dairy,
ING_PARMESAN_ROMANO,romano cheese,dairy,secretion,food_group=dairy,
ING_PARM_OR_ROMANO,parmesan cheese or romano cheese,dairy,secretion,food_group=dairy,
ING_PARSLEY,parsley,herb,plant,food_group=herb,
ING_PARSNIP,parsnip,vegetable,plant,food_group=vegetable,
ING_PASTA,pasta,grain,plant,food_group=grain,
ING_PEACH,peach,fruit,plant,food_group=fruit,
ING_PEANUT,peanut,protein,plant,override,
ING_PEANUT_BUTTER,peanut butter,protein,plant,override,
ING_PEANUT_BUTTER_CHIPS,peanut butter chips,flavoring,plant,override,
ING_PEANUT_OIL,peanut oil,fat,plant,override,
ING_PEANUT_SAUCE,peanut sauce,condiment,plant,override,
ING_PEAR,pear,fruit,plant,food_group=fruit,
ING_PEAS,peas,vegetable,plant,food_group=vegetable,
ING_PECAN,pecan,protein,plant,override,
ING_PECAN_OR_WALNUT,pecan or walnut,protein,plant,override,Both alternatives plant.
ING_PEPPERCORN,peppercorn,seasoning,plant,food_group=seasoning,
ING_PEPPERONI,pepperoni,protein,flesh,override,
ING_PESTO,pesto,condiment,secretion,override,milk allergen tag (parmesan).
ING_PHYLLO,phyllo dough,grain,plant,food_group=grain,
ING_PIE_CRUST,pie crust,grain,plant,food_group=grain,
ING_PIMENTO,pimento,vegetable,plant,food_group=vegetable,
ING_PINEAPPLE,pineapple,fruit,plant,food_group=fruit,
ING_PINEAPPLE_JUICE,pineapple juice,fruit,plant,food_group=fruit,
ING_PINE_NUT,pine nut,protein,plant,override,
ING_PINTO_BEANS,pinto beans,protein,plant,override,
ING_PISTACHIO,pistachio,protein,plant,override,
ING_PISTACHIO_PUDDING,pistachio pudding mix,prepared,plant,override,"Dry mix, same reasoning as instant pudding mix."
ING_PITA_BREAD,pita bread,grain,plant,food_group=grain,
ING_PIZZA_CRUST,pizza crust,grain,plant,food_group=grain,
ING_PIZZA_SAUCE,pizza sauce,condiment,plant,override,
ING_PLUM,plum,fruit,plant,food_group=fruit,
ING_POMEGRANATE_MOLASSES,pomegranate molasses,condiment,plant,override,
ING_POMEGRANATE_SEEDS,pomegranate seeds,fruit,plant,food_group=fruit,
ING_POPPY_SEED,poppy seed,seasoning,plant,food_group=seasoning,
ING_PORK,pork,protein,flesh,override,
ING_PORK_CHOP,pork chop,protein,flesh,override,
ING_POTATO,potato,vegetable,plant,food_group=vegetable,
ING_POTATO_CHIP,potato chips,grain,plant,food_group=grain,
ING_POULTRY_SEASONING,poultry seasoning,seasoning,plant,food_group=seasoning,
ING_POUND_CAKE,pound cake,grain,secretion,override,eggs;milk allergen tags.
ING_POWDERED_MILK,powdered milk,dairy,secretion,food_group=dairy,
ING_POWDERED_SUGAR,powdered sugar,sweetener,plant,food_group=sweetener,
ING_PRETZEL,pretzel,grain,plant,food_group=grain,
ING_PROCESSED_CHEESE_SAUCE,processed cheese sauce,dairy,secretion,food_group=dairy,
ING_PROD_TOMATILLO,tomatillo,vegetable,plant,food_group=vegetable,
ING_PROSCIUTTO,prosciutto,protein,flesh,override,
ING_PROVOLONE,provolone cheese,dairy,secretion,food_group=dairy,
ING_PRUNE,prune,fruit,plant,food_group=fruit,
ING_PUDDING_MIX,instant pudding mix,prepared,plant,override,"Dry mix; milk is added separately when preparing, not an ingredient of the mix itself."
ING_PUFF_PASTRY,puff pastry,grain,plant,food_group=grain,
ING_PUMPKIN,pumpkin,vegetable,plant,food_group=vegetable,
ING_PUMPKIN_PIE_SPICE,pumpkin pie spice,seasoning,plant,food_group=seasoning,
ING_PUMPKIN_SEED,pumpkin seed,protein,plant,override,
ING_QUESO_FRESCO,queso fresco,dairy,secretion,food_group=dairy,
ING_QUINOA,quinoa,grain,plant,food_group=grain,
ING_RABBIT,rabbit,protein,flesh,override,
ING_RADISH,radish,vegetable,plant,food_group=vegetable,
ING_RAISIN,raisin,fruit,plant,food_group=fruit,
ING_RAMEN,ramen noodles,grain,plant,food_group=grain,
ING_RANCH_DRESSING,ranch dressing,condiment,secretion,override,eggs;milk allergen tags.
ING_RANCH_MIX,ranch dressing mix,prepared,plant,override,Dry seasoning packet; buttermilk/mayo is added separately when preparing.
ING_RASPBERRY,raspberry,fruit,plant,food_group=fruit,
ING_RED_CABBAGE,red cabbage,vegetable,plant,food_group=vegetable,
ING_RED_ONION,red onion,vegetable,plant,food_group=vegetable,
ING_RED_WINE,red wine,beverage,plant,food_group=beverage,
ING_RED_WINE_VINEGAR,red wine vinegar,condiment,plant,override,
ING_REFRIED_BEANS,refried beans,protein,plant,override,
ING_RELISH,pickle relish,condiment,plant,override,
ING_RHUBARB,rhubarb,vegetable,plant,food_group=vegetable,
ING_RICE,rice,grain,plant,food_group=grain,
ING_RICE_FLOUR,rice flour,grain,plant,food_group=grain,
ING_RICE_NOODLES,rice noodles,grain,plant,food_group=grain,
ING_RICE_VINEGAR,rice vinegar,condiment,plant,override,
ING_RICOTTA,ricotta cheese,dairy,secretion,food_group=dairy,
ING_ROASTED_RED_PEPPER,roasted red pepper,vegetable,plant,food_group=vegetable,
ING_ROSEMARY,rosemary,herb,plant,food_group=herb,
ING_ROSE_WATER,rose water,flavoring,plant,override,
ING_ROTEL,diced tomatoes and green chilies,vegetable,plant,food_group=vegetable,
ING_RUM,rum,beverage,plant,food_group=beverage,
ING_RUM_EXTRACT,rum extract,flavoring,plant,override,
ING_RUTABAGA,rutabaga,vegetable,plant,food_group=vegetable,
ING_RYE_FLOUR,rye flour,grain,plant,food_group=grain,
ING_SAFFRON,saffron,seasoning,plant,food_group=seasoning,
ING_SAGE,sage,herb,plant,food_group=herb,
ING_SAKE,sake,beverage,plant,food_group=beverage,
ING_SALAD_DRESSING,salad dressing,condiment,secretion,override,"Generic bucket covers both vinaigrette (plant) and creamy/mayo-based dressings; conservatively assumed to possibly contain egg/dairy rather than certified plant, to avoid a false vegan/vegetarian claim. Flagged for spot-check."
ING_SALMON,salmon,protein,flesh,override,
ING_SALSA,salsa,condiment,plant,override,
ING_SALT,salt,seasoning,plant,food_group=seasoning,
ING_SALT_AND_PEPPER,salt and pepper,seasoning,plant,food_group=seasoning,
ING_SANDWICH_COOKIE,chocolate sandwich cookies,grain,plant,food_group=grain,
ING_SAUERKRAUT,sauerkraut,vegetable,plant,food_group=vegetable,
ING_SAUSAGE,sausage,protein,flesh,override,
ING_SCALLOP,scallop,protein,flesh,override,
ING_SEASONED_SALT,seasoned salt,seasoning,plant,food_group=seasoning,
ING_SELF_RISING_FLOUR,self-rising flour,grain,plant,food_group=grain,
ING_SESAME_OIL,sesame oil,fat,plant,override,
ING_SESAME_SEED,sesame seed,seasoning,plant,food_group=seasoning,
ING_SESAME_TAHINI,tahini,condiment,plant,override,
ING_SHALLOT,shallot,vegetable,plant,food_group=vegetable,
ING_SHERRY_VINEGAR,sherry vinegar,condiment,plant,override,
ING_SHORTENING,shortening,fat,plant,override,"Modern vegetable shortening, not lard."
ING_SHORTENING_OR_OIL,shortening or vegetable oil,fat,plant,override,
ING_SHREDDED_WHEAT,shredded wheat,grain,plant,food_group=grain,
ING_SHRIMP,shrimp,protein,flesh,override,
ING_SNOW_PEAS,snow peas,vegetable,plant,food_group=vegetable,
ING_SOUP,soup,prepared,flesh,override,"Generic term, defaults conservative (most soups use meat stock). Flagged for spot-check."
ING_SOUR_CREAM,sour cream,dairy,secretion,food_group=dairy,
ING_SOUR_CREAM_OR_YOGURT,sour cream or yogurt,dairy,secretion,food_group=dairy,
ING_SOUR_MILK,sour milk,dairy,secretion,food_group=dairy,
ING_SOY_MILK,soy milk,plant_milk,plant,food_group=plant_milk,
ING_SOY_SAUCE,soy sauce,condiment,plant,override,
ING_SPAGHETTI_SQUASH,spaghetti squash,vegetable,plant,food_group=vegetable,
ING_SPINACH,spinach,vegetable,plant,food_group=vegetable,
ING_SPRINKLES,sprinkles,flavoring,plant,override,Not milk-tagged; sugar-based.
ING_SQUASH,squash,vegetable,plant,food_group=vegetable,
ING_STEAK_SAUCE,steak sauce,condiment,flesh,override,"Conventionally Worcestershire-based (anchovy-derived); no allergen tag exists on this entry, so this is a genuine inference call, not a rule lookup -- flagged for spot-check."
ING_STRAWBERRY,strawberry,fruit,plant,food_group=fruit,
ING_STUFFING_MIX,stuffing mix,grain,plant,food_group=grain,
ING_SUGAR,granulated sugar,sweetener,plant,food_group=sweetener,
ING_SUGAR_SUBSTITUTE,sugar substitute,sweetener,plant,food_group=sweetener,
ING_SUMAC,sumac,seasoning,plant,food_group=seasoning,
ING_SUNFLOWER_OIL,sunflower oil,fat,plant,override,
ING_SUNFLOWER_SEED,sunflower seed,protein,plant,override,
ING_SUN_DRIED_TOMATO,sun-dried tomato,vegetable,plant,food_group=vegetable,
ING_SWEET_CHILI_SAUCE,sweet chili sauce,condiment,plant,override,
ING_SWEET_POTATO,sweet potato,vegetable,plant,food_group=vegetable,
ING_SWEET_SOUR_SAUCE,sweet and sour sauce,condiment,plant,override,
ING_SWISS_CHEESE,swiss cheese,dairy,secretion,food_group=dairy,
ING_SYRUP,syrup,sweetener,plant,food_group=sweetener,
ING_TACO_SAUCE,taco sauce,condiment,plant,override,
ING_TACO_SEASONING,taco seasoning mix,seasoning,plant,food_group=seasoning,
ING_TAPIOCA_FLOUR,tapioca flour,grain,plant,food_group=grain,
ING_TARRAGON,tarragon,herb,plant,food_group=herb,
ING_TATER_TOTS,tater tots,vegetable,plant,food_group=vegetable,
ING_TEA,tea,beverage,plant,food_group=beverage,
ING_TEQUILA,tequila,beverage,plant,food_group=beverage,
ING_TERIYAKI,teriyaki sauce,condiment,plant,override,
ING_THYME,thyme,herb,plant,food_group=herb,
ING_TOFFEE_BITS,toffee bits,flavoring,secretion,override,milk allergen tag.
ING_TOFU,tofu,protein,plant,override,
ING_TOMATO,tomato,vegetable,plant,food_group=vegetable,
ING_TOMATO_PASTE,tomato paste,vegetable,plant,food_group=vegetable,
ING_TOMATO_PUREE,tomato puree,vegetable,plant,food_group=vegetable,
ING_TOMATO_SAUCE,tomato sauce,vegetable,plant,food_group=vegetable,
ING_TOMATO_SOUP,condensed tomato soup,prepared,plant,override,Classic condensed tomato soup recipe has no dairy or meat.
ING_TORTILLA,tortilla,grain,plant,food_group=grain,
ING_TORTILLA_CHIPS,tortilla chips,grain,plant,food_group=grain,
ING_TUNA,tuna,protein,flesh,override,
ING_TURKEY,turkey,protein,flesh,override,
ING_TURMERIC,turmeric,seasoning,plant,food_group=seasoning,
ING_TURNIP,turnip,vegetable,plant,food_group=vegetable,
ING_VANILLA,vanilla extract,flavoring,plant,override,
ING_VANILLA_BEAN,vanilla bean,flavoring,plant,override,
ING_VANILLA_WAFER,vanilla wafers,grain,plant,food_group=grain,
ING_VEGETABLE_BROTH,vegetable broth,prepared,plant,override,
ING_VEGETABLE_OIL,vegetable oil,fat,plant,override,
ING_VEG_OR_OLIVE_OIL,vegetable oil or olive oil,fat,plant,override,
ING_VINEGAR,vinegar,condiment,plant,override,
ING_VODKA,vodka,beverage,plant,food_group=beverage,
ING_WALNUT,walnut,protein,plant,override,
ING_WALNUT_OIL,walnut oil,fat,plant,override,
ING_WATER,water,liquid,plant,food_group=liquid,
ING_WATERMELON,watermelon,fruit,plant,food_group=fruit,
ING_WATER_CHESTNUT,water chestnut,vegetable,plant,food_group=vegetable,
ING_WHEAT_GERM,wheat germ,grain,plant,food_group=grain,
ING_WHIPPED_TOPPING,whipped topping,dairy,secretion,food_group=dairy,
ING_WHITE_CHOCOLATE,white chocolate,flavoring,secretion,override,milk allergen tag.
ING_WHITE_OR_YELLOW_CAKE_MIX,white cake mix or yellow cake mix,grain,plant,food_group=grain,
ING_WHITE_WINE,white wine,beverage,plant,food_group=beverage,
ING_WHITE_WINE_VINEGAR,white wine vinegar,condiment,plant,override,
ING_WHOLE_WHEAT_FLOUR,whole wheat flour,grain,plant,food_group=grain,
ING_WILD_RICE,wild rice,grain,plant,food_group=grain,
ING_WINE_COOKING,cooking wine,beverage,plant,food_group=beverage,
ING_WONTON_WRAPPER,wonton wrapper,grain,secretion,override,eggs allergen tag (traditional wonton wrappers are egg-enriched).
ING_WORCESTERSHIRE,worcestershire sauce,condiment,flesh,override,fish allergen tag.
ING_XANTHAN_GUM,xanthan gum,prepared,plant,override,Produced by bacterial fermentation of plant sugars.
ING_YEAST,yeast,leavening,plant,food_group=leavening,
ING_YELLOW_SQUASH,yellow squash,vegetable,plant,food_group=vegetable,
ING_YOGURT,yogurt,dairy,secretion,food_group=dairy,
ING_ZAATAR,za'atar,seasoning,plant,food_group=seasoning,
ING_ZUCCHINI,zucchini,vegetable,plant,food_group=vegetable,
